city,mean,deviation
Charanka,0.438904,0.298113
Kamuthi,0.431922,0.318286
Neemuch,0.45076,0.311791
Rajgarh,0.448542,0.314112
Sakri,0.43675,0.31163